file,id
../data-firstbanch/101SSOK_entire_exp_2023-04-25_15h56.39.280.csv,HmPsw2WtYS
../data-firstbanch/100SSNT_entire_exp_2023-04-25_13h53.44.583.csv,xSgZ6tF2Kx
../data-firstbanch/099SSDA_entire_exp_04-20-2023_18h41.33.261.csv,tgdzehXaH9
../data-firstbanch/098SSDM_entire_exp_2023-04-23_16h09.02.953.csv,xtgn1TlDJE
../data-firstbanch/096SSMR_entire_exp_2023-05-06_17h41.53.790.csv,8PPM98ESGr
../data-firstbanch/095SSVH_entire_exp_2022-09-15_24h16.25.521.csv,2Rn7YC7ktN
../data-firstbanch/093SSEG_entire_exp_2022-09-14_17h20.12.899.csv,f5NHoRoonR
../data-firstbanch/092SSAG_entire_exp_2022-09-10_16h20.00.504.csv,kdi0TDNbL6
../data-firstbanch/091SSJP_entire_exp_2022-09-14_23h28.30.070.csv,FfPm6QztsA
../data-firstbanch/089SSDM_entire_exp_2023-04-25_14h12.30.529.csv,8eLeJBm5SV
../data-firstbanch/088SSDR_entire_exp_2022-09-16_17h28.38.834.csv,bKUxTtubP9
../data-firstbanch/087SSVC_entire_exp_2022-09-17_17h38.47.991.csv,vI3wi8YxaP
../data-firstbanch/086SSAI_entire_exp_2022-09-09_19h50.26.340.csv,eJJDMz958g
../data-firstbanch/083SSAN_entire_exp_2022-09-10_09h01.25.268.csv,ctfjWeomyR
../data-firstbanch/080SSAF_entire_exp_2022-09-09_18h48.13.239.csv,JP0BqEE4Fj
../data-firstbanch/079SSRR_entire_exp_2023-04-23_12h12.09.879.csv,qUOF6OZDRD
../data-firstbanch/079SSRR_entire_exp_2022-09-18_20h01.24.482.csv,VLeNMXjDPG
../data-firstbanch/077SSKK_entire_exp_2022-09-09_18h47.59.035.csv,dBrkfcNWsa
../data-firstbanch/076SSRK_entire_exp_2022-09-10_24h29.10.709.csv,qJhGaTGZut
../data-firstbanch/074SSKS_entire_exp_2022-09-09_08h40.26.331.csv,GJzcwSPe9Z
../data-firstbanch/073SSMS_entire_exp_2022-09-17_12h41.16.219.csv,ExbVOsMHAA
../data-firstbanch/071SSEB_entire_exp_2022-09-13_13h34.34.403.csv,TFDf2hLPou
../data-firstbanch/070SSAK_entire_exp_2022-09-08_15h22.31.854.csv,Hxjg3OTYhu
../data-firstbanch/069SSMV_entire_exp_2022-09-09_15h05.56.561.csv,cQX3GOCp9n
../data-firstbanch/068SSMT_entire_exp_2022-09-08_14h02.24.512.csv,XfAdJiOyxj
../data-firstbanch/067SSDA_entire_exp_2022-09-08_15h14.26.648.csv,FDaGWmAPTr
../data-firstbanch/066SSKA_entire_exp_2023-04-20_19h55.36.813.csv,vsfwWZKL1V
../data-firstbanch/065SSTM_entire_exp_2022-09-08_13h04.21.029.csv,s04AljyS4e
../data-firstbanch/064SSAB_entire_exp_2022-09-09_24h56.58.121.csv,l8OD3O4E3f
../data-firstbanch/063SSMP_entire_exp_2022-08-31_09h41.09.233.csv,I64skoy66n
../data-firstbanch/062SSON_entire_exp_2022-09-03_18h24.04.978.csv,m0mjdT90SU
../data-firstbanch/059SSAS_entire_exp_2022-08-28_11h50.43.886.csv,OSi3LnpELr
../data-firstbanch/058SSAB_entire_exp_2022-09-01_19h07.29.229.csv,qI9h62z2Ku
../data-firstbanch/056SSKA_entire_exp_2022-08-26_10h55.02.575.csv,cHjpJUhddy
../data-firstbanch/055SSNS_entire_exp_2022-08-27_10h54.17.951.csv,P7WDUMyOEc
../data-firstbanch/054SSEB_entire_exp_2022-08-25_18h20.01.028.csv,8xVAczfPKp
../data-firstbanch/053SSAF_entire_exp_2022-08-25_21h56.58.660.csv,8BtJMmB1PT
../data-firstbanch/052SSME_entire_exp_2022-08-26_10h32.55.991.csv,QLrSXxmCJy
../data-firstbanch/050SSAA_entire_exp_2023-04-21_13h38.45.765.csv,alNlXuBH5D
../data-firstbanch/048SSAG_entire_exp_2022-08-18_20h28.36.828.csv,yIjm6EG67z
../data-firstbanch/047SSAK_entire_exp_2022-08-20_23h14.23.266.csv,z8uZORh5Lg
../data-firstbanch/046SSVS_entire_exp_2022-08-20_13h21.07.492.csv,JpDUHBwJT1
../data-firstbanch/045SSEM_entire_exp_2022-08-17_14h07.54.819.csv,XdaJtcIO9r
../data-firstbanch/042SSAA_entire_exp_2022-08-17_14h03.26.713.csv,xYKzEb6U69
../data-firstbanch/040ARKK_entire_exp_2023-04-23_17h12.22.533.csv,HajArhl9Mf
../data-firstbanch/039ARVP_entire_exp_2022-08-08_15h15.43.173.csv,WLE3Etok97
../data-firstbanch/038AREN_entire_exp_2022-07-19_11h25.52.006.csv,yRSAaGEgHo
../data-firstbanch/037ARDL_entire_exp_2022-07-16_22h20.51.764.csv,5oQkfRc0Dh
../data-firstbanch/035SSDD_entire_exp_2022-08-14_12h43.23.036.csv,DoJgv77gQp
../data-firstbanch/033SSML_entire_exp_2022-07-26_18h52.18.365.csv,y4Sh5zF3gm
../data-firstbanch/032SSAP_entire_exp_2022-07-17_13h28.21.518.csv,LMH4MBXVwL
../data-firstbanch/031SSAS_entire_exp_2022-07-16_08h00.03.221.csv,S5rOjASl3o
../data-firstbanch/030SSPM_entire_exp_2022-08-17_21h31.18.058.csv,IMJ2Wgu1zI
../data-firstbanch/029SSDL_entire_exp_2022-07-16_09h09.20.517.csv,wgRo2jLpXH
../data-firstbanch/027ARDB_entire_exp_2022-07-18_10h37.13.819.csv,n5pHkx5qnN
../data-firstbanch/026SSDM_entire_exp_2022-07-16_12h26.44.968.csv,KCZtWafWV1
../data-firstbanch/025ARAS_entire_exp_2023-05-02_19h18.58.479.csv,2vlCeeOoXs
../data-firstbanch/024SSSV_entire_exp_2022-07-24_18h50.18.841.csv,YuaQwhP1ZU
../data-firstbanch/023ERRS_entire_exp_2022-07-11_18h59.41.csv,soqMs9Hfya
../data-firstbanch/022ERVS_entire_exp_2022-07-15_21h42.11.588.csv,W3y75sVKt1
../data-firstbanch/021SSAZ_entire_exp_2022-07-15_03h19.45.491.csv,EgEJAn9pKN
../data-firstbanch/019ERSM_entire_exp_2022-06-18_21h43.19.372.csv,d51zamtky2
../data-firstbanch/017ERVZ_entire_exp_2022-08-20_16h11.35.184.csv,urmN2MGqMI
../data-firstbanch/016ERSA_entire_exp_2022-06-16_14h19.07.981.csv,lqSj6DxkoP
../data-firstbanch/015ERIG_entire_exp_2022-08-17_23h56.01.csv,antN5ck5Ic
../data-firstbanch/014ERAI_entire_exp_2022-06-16_13h57.46.683.csv,kuTZjru3VL
../data-firstbanch/013ERVB_entire_exp_2022-06-23_15h53.22.750.csv,qn7iE4w9eA
../data-firstbanch/012EROP_entire_exp_2022-07-14_20h26.20.219.csv,1W5HQaoCSR
../data-firstbanch/011SSAB_entire_exp_2022-06-01_14h54.48.csv,jipsxYWATF
../data-firstbanch/010SSEA_entire_exp_2022-06-07_24h08.05.064.csv,2dX8HaA5QM
../data-firstbanch/009SSAP_entire_exp_2022-06-04_15h48.30.436.csv,qG1rKdXNBQ
../data-firstbanch/008SSEP_entire_exp_2022-09-15_21h36.55.631.csv,dWejUN00z6
../data-firstbanch/007SSJM_entire_exp_2022-06-01_15h12.27.341.csv,Piksbkqbn1
../data-firstbanch/006SSEE_entire_exp_2022-06-02_22h14.18.092.csv,PsevAJnzJ0
../data-firstbanch/005SSDR_entire_exp_2022-05-31_20h43.50.910.csv,z93bJWn4hw
../data-firstbanch/004SSDR_entire_exp_2022-06-02_21h35.09.567.csv,HF94YUUt2C
../data-firstbanch/003SSKS_entire_exp_2022-06-16_20h02.35.389.csv,VEZTZ89Pge
../data-firstbanch/001SSMS_entire_exp_2022-05-31_18h24.17.csv,uofo7FKPdo
